college,major_name
인문대학,인문계열
인문대학,국어국문학과
인문대학,중어중문학과
인문대학,영어영문학과
인문대학,불어불문학과
인문대학,독어독문학과
인문대학,노어노문학과
인문대학,서어서문학과
인문대학,언어학과
인문대학,아시아언어문명학부
인문대학,역사학부
인문대학,고고미술사학과
인문대학,철학과
인문대학,종교학과
인문대학,미학과
사회과학대학,정치외교학부
사회과학대학,경제학부
사회과학대학,사회학과
사회과학대학,인류학과
사회과학대학,심리학과
사회과학대학,지리학과
사회과학대학,사회복지학과
사회과학대학,언론정보학과
자연과학대학,수리과학부
자연과학대학,통계학과
자연과학대학,물리·천문학부
자연과학대학,화학부
자연과학대학,생명과학부
자연과학대학,지구환경과학부
간호대학,간호대학
경영대학,경영대학
공과대학,광역
공과대학,건설환경공학부
공과대학,기계공학부
공과대학,재료공학부
공과대학,전기·정보공학부
공과대학,컴퓨터공학부
공과대학,화학생물공학부
공과대학,건축학과
공과대학,산업공학과
공과대학,에너지자원공학과
공과대학,원자핵공학과
공과대학,조선해양공학과
공과대학,항공우주공학과
농업생명과학대학,농경제사회학부
농업생명과학대학,식물생산과학부
농업생명과학대학,산림과학부
농업생명과학대학,식품·동물생명공학부
농업생명과학대학,응용생물화학부
농업생명과학대학,조경·지역시스템공학부
농업생명과학대학,바이오시스템·소재학부
농업생명과학대학,스마트시스템과학과
미술대학,동양화과
미술대학,서양화과
미술대학,조소과
미술대학,공예과
미술대학,디자인과
사범대학,교육학과
사범대학,국어교육과
사범대학,영어교육과
사범대학,독어교육과
사범대학,불어교육과
사범대학,사회교육과
사범대학,역사교육과
사범대학,지리교육과
사범대학,윤리교육과
사범대학,수학교육과
사범대학,물리교육과
사범대학,화학교육과
사범대학,생물교육과
사범대학,지구과학교육과
사범대학,체육교육과
생활과학대학,소비자아동학부
생활과학대학,식품영양학과
생활과학대학,의류학과
수의과대학,수의예과
약학대학,약학계열
음악대학,성악과
음악대학,작곡과
음악대학,음악학과
음악대학,피아노과
음악대학,관현악과
음악대학,국악과
의과대학,의예과
첨단융합학부,첨단융합학부
학부대학,광역
학부대학,자유전공학부
치의학대학원,치의학과
